<?xml version="1.0"?>
<!--
/**
 * Copyright © Magento, Inc. All rights reserved.
 * See COPYING.txt for license details.
 */
-->
<config xmlns:xsi="http://www.w3.org/2001/XMLSchema-instance" xsi:noNamespaceSchemaLocation="urn:magento:framework:ObjectManager/etc/config.xsd">
    <preference for="Magento\Contact\Model\MailInterface" type="Magento\Contact\Model\Mail" />
    <preference for="Magento\Contact\Model\ConfigInterface" type="Magento\Contact\Model\Config" />
    <type name="Magento\Config\Model\Config\TypePool">
        <arguments>
            <argument name="sensitive" xsi:type="array">
                <item name="contact/email/recipient_email" xsi:type="string">1</item>
            </argument>
        </arguments>
    </type>

    <!-- Inquiries Grid  -->
    <preference for="Unilab\Inquiry\Api\Data\InquiryInterface" type="Unilab\Inquiry\Model\Inquiry" />

    <!-- <virtualType name="Unilab\Inquiry\Model\ResourceModel\Inquiry\Grid\Collection" type="Magento\Framework\View\Element\UiComponent\DataProvider\SearchResult">
        <arguments>
            <argument name="mainTable" xsi:type="string">Unilab_Inquiry</argument>
            <argument name="resourceModel" xsi:type="string">Unilab\Inquiry\Model\ResourceModel\Inquiry</argument>
        </arguments>
    </virtualType> -->
    <type name="Unilab\Inquiry\Model\ResourceModel\Inquiry\Grid\Collection">
        <arguments>
            <argument name="mainTable" xsi:type="string">unilab_inquiry</argument>
            <argument name="eventPrefix" xsi:type="string">unilab_inquiry_inquiry_grid_collection</argument>
            <argument name="eventObject" xsi:type="string">unilab_grid_collection</argument>
            <argument name="resourceModel" xsi:type="string">Unilab\Inquiry\Model\ResourceModel\Inquiry</argument>
        </arguments>
    </type>
    <type name="Magento\Framework\View\Element\UiComponent\DataProvider\CollectionFactory">
        <arguments>
            <argument name="collections" xsi:type="array">

                <item name="unilab_inquiry_listing_data_source" xsi:type="string">Unilab\Inquiry\Model\ResourceModel\Inquiry\Grid\Collection</item>
            </argument>
        </arguments>
    </type>
</config>
