<?xml version="1.0"?>
<!--
/**
 * Copyright © Magento, Inc. All rights reserved.
 * See COPYING.txt for license details.
 */
-->
<!-- https://www.mageplaza.com/magento-2-module-development/create-system-xml-configuration-magento-2.html -->
<config xmlns:xsi="http://www.w3.org/2001/XMLSchema-instance" xsi:noNamespaceSchemaLocation="urn:magento:module:Magento_Config:etc/system_file.xsd">
    <system>
        <section id="inquiry" translate="label" type="text" sortOrder="100" showInDefault="1" showInWebsite="1" showInStore="1">
            <label>Inquiry</label>
            <tab>unilab</tab>
            <resource>Unilab_Inquiry::inquiry</resource>
            <group id="general" translate="label" type="text" sortOrder="10" showInDefault="1" showInWebsite="1" showInStore="1">
                <label>Contact Us</label>
                <field id="enabled" translate="label" type="select" sortOrder="10" showInDefault="1" showInWebsite="1" showInStore="1" canRestore="1">
                    <label>Enable Contact Us</label>
                    <source_model>Magento\Config\Model\Config\Source\Yesno</source_model>
                    <backend_model>Magento\Contact\Model\System\Config\Backend\Links</backend_model>
                </field>

                <field id="form_block" translate="label" type="select" sortOrder="10" showInDefault="1" showInWebsite="1" showInStore="1" canRestore="1">
                    <label>Static Block</label>
                    <source_model>Unilab\Inquiry\Model\System\Config\Source\Cms\Blocks</source_model>
                    <backend_model>Magento\Contact\Model\System\Config\Backend\Links</backend_model>
                </field>

                <field id="form_enabled" translate="label" type="select" sortOrder="10" showInDefault="1" showInWebsite="1" showInStore="1" canRestore="1">
                    <label>Enable Contact Form</label>
                    <source_model>Magento\Config\Model\Config\Source\Yesno</source_model>
                </field>

                <field id="recipient_email" translate="label" type="text" sortOrder="20" showInDefault="1" showInWebsite="1" showInStore="1" canRestore="1">
                    <label>Default Recipient</label>
                    <comment>Used if departments are not defined</comment>
                </field>

                <field id="sender_email_identity" translate="label" type="select" sortOrder="20" showInDefault="1" showInWebsite="1" showInStore="1" canRestore="1">
                    <label>Email Sender</label>
                    <source_model>Magento\Config\Model\Config\Source\Email\Identity</source_model>
                </field>

                <field id="email_template" translate="label comment" type="select" sortOrder="30" showInDefault="1" showInWebsite="1" showInStore="1" canRestore="1">
                    <label>Email Template</label>
                    <comment>Email template chosen based on theme fallback when "Default" option is selected.</comment>
                    <source_model>Magento\Config\Model\Config\Source\Email\Template</source_model>
                </field>

                <field id="sender_copy" translate="label" type="select" sortOrder="10" showInDefault="1" showInWebsite="1" showInStore="1" canRestore="1">
                    <label>Send A Copy To Sender</label>
                    <source_model>Magento\Config\Model\Config\Source\Yesno</source_model>
                    <backend_model>Magento\Contact\Model\System\Config\Backend\Links</backend_model>
                </field>

                <field id="departments" translate="label comment tooltip" sortOrder="17" showInDefault="1" showInWebsite="1" showInStore="1">
                    <label>Departments</label>
                    <frontend_model>Unilab\Inquiry\Block\Adminhtml\System\Config\Form\Field\Departments</frontend_model>
                    <backend_model>Unilab\Inquiry\Model\Adminhtml\System\Config\CustomSerialized</backend_model>
                    <!-- <backend_model>Magento\Config\Model\Config\Backend\Serialized\ArraySerialized</backend_model> -->
                    <config_path>inquiry/general/departments</config_path>
                </field>
            </group>
        </section>
    </system>
</config>
