<config xmlns:xsi="http://www.w3.org/2001/XMLSchema-instance" xsi:noNamespaceSchemaLocation="../../../../../lib/internal/Magento/Framework/ObjectManager/etc/config.xsd">
    <type name="Magento\Framework\View\Element\UiComponent\DataProvider\CollectionFactory">
        <arguments>
            <argument name="collections" xsi:type="array">
                <item name="webservice_token_list_data_source" xsi:type="string">Unilab\Webservice\Model\ResourceModel\Token\Grid\Collection</item>
            </argument>
        </arguments>
    </type>
    <type name="Magento\Framework\View\Element\UiComponent\DataProvider\CollectionFactory">
        <arguments>
            <argument name="collections" xsi:type="array">
                <item name="webservice_connection_logs_list_data_source" xsi:type="string">Unilab\Webservice\Model\ResourceModel\Logs\Grid\Collection</item>
            </argument>
        </arguments>
    </type>
    <type name="Magento\Framework\View\Element\UiComponent\DataProvider\CollectionFactory">
        <arguments>
            <argument name="collections" xsi:type="array">
                <item name="webservice_order_status_list_data_source" xsi:type="string">Unilab\Webservice\Model\ResourceModel\OrderStatus\Grid\Collection</item>
            </argument>
        </arguments>
    </type>



    <virtualType name="Unilab\Webservice\Model\ResourceModel\Token\Grid\Collection" type="Magento\Framework\View\Element\UiComponent\DataProvider\SearchResult">
        <arguments>
            <argument name="mainTable" xsi:type="string">unilab_token</argument>
            <argument name="resourceModel" xsi:type="string">Unilab\Webservice\Model\ResourceModel\Token</argument>
        </arguments>
    </virtualType>

    <virtualType name="Unilab\Webservice\Model\ResourceModel\Logs\Grid\Collection" type="Magento\Framework\View\Element\UiComponent\DataProvider\SearchResult">
        <arguments>
            <argument name="mainTable" xsi:type="string">unilab_webservice_logs</argument>
            <argument name="resourceModel" xsi:type="string">Unilab\Webservice\Model\ResourceModel\Logs</argument>
        </arguments>
    </virtualType>

    <virtualType name="Unilab\Webservice\Model\ResourceModel\OrderStatus\Grid\Collection" type="Magento\Framework\View\Element\UiComponent\DataProvider\SearchResult">
        <arguments>
            <argument name="mainTable" xsi:type="string">unilab_token</argument>
            <argument name="resourceModel" xsi:type="string">Unilab\Webservice\Model\ResourceModel\OrderStatus</argument>
        </arguments>
    </virtualType>

     <preference for="Unilab\Webservice\Api\AonewebserviceInterface" type="Unilab\Webservice\Model\Api" />
</config>