<?xml version="1.0"?>
<!--
/**
 * DragonPay View XML.
 * @category  Unilab
 * @package   DragonPay
 * @author    Kristian Claridad
 */
-->
<config xmlns:xsi="http://www.w3.org/2001/XMLSchema-instance" xsi:noNamespaceSchemaLocation="urn:magento:framework:ObjectManager/etc/config.xsd">
    <type name="Magento\Checkout\Model\CompositeConfigProvider">
        <arguments>
            <argument name="configProviders" xsi:type="array">
                <item name="dragonpay_gateway_config_provider" xsi:type="object">Unilab\DragonPay\Model\Ui\ConfigProvider</item>
            </argument>
        </arguments>
    </type>
    <type name="Unilab\DragonPay\Block\Info">
        <arguments>
            <argument name="data" xsi:type="array">
                <item xsi:type="string" name="is_secure_mode">1</item>
            </argument>
        </arguments>
    </type>
    <!-- Custom Logger for DragonPay -->
    <type name="Unilab\DragonPay\Logger\Handler">
        <arguments>
            <argument name="filesystem" xsi:type="object">Magento\Framework\Filesystem\Driver\File</argument>
        </arguments>
    </type>
     <type name="Unilab\DragonPay\Logger\Logger">
        <arguments>
            <argument name="name" xsi:type="string">dragonpaylogs</argument>
            <argument name="handlers"  xsi:type="array">
                <item name="system" xsi:type="object">Unilab\DragonPay\Logger\Handler</item>
            </argument>
        </arguments>
    </type>
</config>
