<?xml version="1.0"?>
<config xmlns:xsi="http://www.w3.org/2001/XMLSchema-instance" xsi:noNamespaceSchemaLocation="urn:magento:module:Magento_Config:etc/system_file.xsd">
    <system>
        
        <section id="webservice" translate="label" sortOrder="100" showInDefault="1" showInWebsite="1" showInStore="1">
            <class>separator-top</class>
            <label>Webservice Settings</label>
            <tab>unilab</tab>
            <resource>Unilab_Webservice::webservice</resource>
            <group id="netsuitesettings" translate="label" sortOrder="10" showInDefault="1" showInWebsite="0" showInStore="0">
                <label>Webservice Settings</label>
                <field id="enabled" translate="label" type="select" sortOrder="10" showInDefault="1" showInWebsite="0" showInStore="0">
                    <label>Enable</label>
                    <source_model>Magento\Config\Model\Config\Source\Yesno</source_model>
                </field>
                <field id="sandboxmode" translate="label" type="select" sortOrder="15" showInDefault="1" showInWebsite="0" showInStore="0">
                    <label>Is Sandbox mode?</label>
                    <source_model>Magento\Config\Model\Config\Source\Yesno</source_model>
                    <depends>
                        <field id="enabled">1</field>
                    </depends>
                </field>
                <field id="gateway" translate="label" type="text" sortOrder="20" showInDefault="1" showInWebsite="0" showInStore="0">
                    <label>Gateway</label>
                    <depends>
                        <field id="enabled">1</field>
                    </depends>
                </field>
                <field id="consumer_secret" translate="label" type="text" sortOrder="30" showInDefault="1" showInWebsite="0" showInStore="0">
                    <label>Consumer Secret</label>
                    <depends>
                        <field id="enabled">1</field>
                        <field id="sandboxmode">1</field>
                    </depends>
                </field>
                <field id="token_secret" translate="label" type="text" sortOrder="40" showInDefault="1" showInWebsite="0" showInStore="0">
                    <label>Token Secret</label>
                    <depends>
                        <field id="enabled">1</field>
                        <field id="sandboxmode">1</field>
                    </depends>
                </field>
                <field id="consumer_key" translate="label" type="text" sortOrder="50" showInDefault="1" showInWebsite="0" showInStore="0">
                    <label>Consumer Key</label>
                    <depends>
                        <field id="enabled">1</field>
                    </depends>
                </field>
                <field id="token_key" translate="label" type="text" sortOrder="60" showInDefault="1" showInWebsite="0" showInStore="0">
                    <label>Token ID</label>
                    <depends>
                        <field id="enabled">1</field>
                    </depends>
                </field>
                <field id="realm" translate="label" type="text" sortOrder="60" showInDefault="1" showInWebsite="0" showInStore="0">
                    <label>Realm</label>
                    <depends>
                        <field id="enabled">1</field>
                    </depends>
                </field>
                <field id="auth_version" translate="label" type="text" sortOrder="70" showInDefault="1" showInWebsite="0" showInStore="0">
                    <label>Version</label>
                    <depends>
                        <field id="enabled">1</field>
                    </depends>
                </field>
                <field id="netsuite_event" translate="label" sortOrder="75" showInDefault="1" showInWebsite="0" showInStore="0">
                    <label>Netsuite Event</label>
                    <frontend_model>Unilab\Webservice\Block\Adminhtml\Form\Field\NetsuiteEvent</frontend_model>
                    <backend_model>Unilab\Webservice\Model\Backend\NetsuiteEvent</backend_model>
                    <depends>
                        <field id="enabled">1</field>
                    </depends>
                </field>
            </group>
        </section>
    </system>
</config>