<?xml version="1.0"?>
<config xmlns:xsi="http://www.w3.org/2001/XMLSchema-instance" xsi:noNamespaceSchemaLocation="urn:magento:framework:Acl/etc/acl.xsd">
    <acl>
        <resources>
            <resource id="Magento_Backend::admin">
                <resource id="Unilab_Inquiry::inquiry" title="Inquiry Configuration" sortOrder="51">
                    <resource id="Unilab_Inquiry::inquiry_configuration" title="Inquiry Configuration" sortOrder="99" />
                </resource>
                <resource id="Magento_Backend::stores">
                    <resource id="Magento_Backend::stores_settings">
                        <resource id="Magento_Config::config">
                            <resource id="Unilab_Inquiry::inquiry_config" title="Inquiry Configuration"/>
                        </resource>
                    </resource>
                </resource>
            </resource>
        </resources>
    </acl>
</config>
